[
  {
    "id": 1683057084020,
    "email": "rafa@rafa.com",
    "password": "$2b$10$BGNM8Po2zYqeG5AobpG15eqpS.Kcn7mGhkY7GszvuS.QCLahY9rsi"
  },
  {
    "id": 1683057357709,
    "email": "guthner.rafa@gmail.com",
    "password": "$2b$10$5LmqTPCZdKs4INFLBgDaM.0LF4pP8dCm9.cG5RWsjMSlFQ7wqkUJu"
  },
  {
    "id": 1683058821515,
    "email": "gu@gu.com",
    "password": "$2b$10$lNerlxmSjj9aj43R5R04ne8BazYqs5w.jkS1DDw1lcTZxcBJEEfBq"
  },
  {
    "id": 1683058856561,
    "email": "gu@gu.com",
    "password": "$2b$10$yRH5GXythAwTP5Enj2yanOYsXBP5TgOFt9rNV47iRV4hvczofCRoK"
  }
]